Plate,Row,Column,Treatment (Microbe),Treatment (Water),Treatment (Plant) ,420,420 Blank,420 Corrected,Blank 1,Blank 2,Blank 3,Average
1,A,1,DR,DR,UM,0.078,0.044,0.034,0.048,0.043,0.04,0.044
1,A,2,UM,DR,UM,0.07,0.047,0.023,0.045,0.041,0.056,0.047
1,A,3,None,DR,UM,0.061,0.043,0.018,0.044,0.042,0.043,0.043
1,A,4,WDM,DR,UM,0.14,0.043,0.097,0.043,0.042,0.043,0.043
1,A,5,M,DR,UM,0.099,0.044,0.055,0.045,0.043,0.044,0.044
1,A,6,None,DR,DR,0.059,0.044,0.015,0.044,0.043,0.044,0.044
1,A,7,UM,DR,DR,0.113,0.044,0.069,0.044,0.044,0.044,0.044
1,A,8,WDM,DR,DR,0.079,0.043,0.036,0.041,0.044,0.043,0.043
1,A,9,M,DR,DR,0.101,0.043,0.058,0.043,0.042,0.043,0.043
1,A,10,DR,DR,DR,0.377,0.153,0.224,0.045,0.043,0.372,0.153
1,A,11,M,M,DR,0.111,0.046,0.065,0.047,0.045,0.046,0.046
1,A,12,WDM,M,DR,0.162,0.043,0.119,0.044,0.043,0.043,0.043
1,B,1,DR,M,UM,0.063,0.044,0.019,0.043,0.042,0.048,0.044
1,B,2,UM,M,UM,0.21,0.042,0.168,0.042,0.041,0.042,0.042
1,B,3,None,M,UM,0.051,0.042,0.009,0.043,0.041,0.042,0.042
1,B,4,WDM,M,UM,0.096,0.044,0.052,0.042,0.042,0.049,0.044
1,B,5,M,M,UM,0.087,0.045,0.042,0.044,0.044,0.048,0.045
1,B,6,None,M,DR,0.053,0.046,0.007,0.043,0.044,0.051,0.046
1,B,7,UM,M,DR,0.127,0.045,0.082,0.043,0.043,0.048,0.045
1,B,8,WDM,M,DR,0.097,0.045,0.052,0.046,0.044,0.045,0.045
1,B,9,M,M,DR,0.081,0.046,0.035,0.046,0.047,0.045,0.046
1,B,10,DR,M,DR,0.15,0.043,0.107,0.044,0.042,0.042,0.043
1,B,11,M,WDM,DR,0.101,0.043,0.058,0.043,0.042,0.045,0.043
1,B,12,WDM,WDM,DR,0.075,0.043,0.032,0.043,0.043,0.044,0.043
1,C,1,DR,WDM,UM,0.075,0.044,0.031,0.042,0.044,0.046,0.044
1,C,2,UM,WDM,UM,0.061,0.044,0.017,0.045,0.043,0.045,0.044
1,C,3,None,WDM,UM,0.062,0.044,0.018,0.043,0.046,0.044,0.044
1,C,4,WDM,WDM,UM,0.071,0.045,0.026,0.049,0.042,0.044,0.045
1,C,5,M,WDM,UM,0.066,0.046,0.02,0.048,0.043,0.048,0.046
1,C,6,None,WDM,DR,0.052,0.049,0.003,0.043,0.053,0.052,0.049
1,C,7,UM,WDM,DR,0.068,0.061,0.007,0.066,0.06,0.056,0.061
1,C,8,WDM,WDM,DR,0.073,0.047,0.026,0.05,0.044,0.047,0.047
1,C,9,M,WDM,DR,0.067,0.044,0.023,0.043,0.047,0.043,0.044
1,C,10,DR,WDM,DR,0.093,0.043,0.05,0.045,0.042,0.043,0.043
1,C,11,M,UM,DR,0.119,0.047,0.072,0.048,0.043,0.049,0.047
1,C,12,WDM,UM,DR,1.543,0.044,1.499,0.043,0.044,0.044,0.044
1,D,1,DR,UM,UM,0.698,0.042,0.656,0.041,0.041,0.043,0.042
1,D,2,UM,UM,UM,0.09,0.047,0.043,0.051,0.045,0.044,0.047
1,D,3,None,UM,UM,0.057,0.046,0.011,0.049,0.044,0.046,0.046
1,D,4,WDM,UM,UM,0.085,0.044,0.041,0.046,0.043,0.044,0.044
1,D,5,M,UM,UM,0.091,0.045,0.046,0.05,0.042,0.043,0.045
1,D,6,None,UM,DR,0.138,0.044,0.094,0.043,0.042,0.048,0.044
1,D,7,UM,UM,DR,0.456,0.047,0.409,0.056,0.042,0.043,0.047
1,D,8,WDM,UM,DR,0.095,0.044,0.051,0.053,0.039,0.04,0.044
1,D,9,M,UM,DR,0.134,0.043,0.091,0.043,0.043,0.042,0.043
1,D,10,DR,UM,DR,0.073,0.043,0.03,0.044,0.042,0.044,0.043
1,D,11,M,DR,DR,0.09,0.043,0.047,0.042,0.043,0.043,0.043
1,D,12,WDM,DR,DR,0.068,0.043,0.025,0.043,0.043,0.043,0.043
1,E,1,DR,WDM,WDM,0.059,0.043,0.016,0.046,0.041,0.043,0.043
1,E,2,UM,WDM,WDM,0.052,0.047,0.005,0.051,0.044,0.047,0.047
1,E,3,None,WDM,WDM,0.051,0.043,0.008,0.047,0.041,0.042,0.043
1,E,4,WDM,WDM,WDM,0.062,0.044,0.018,0.045,0.043,0.044,0.044
1,E,5,M,WDM,WDM,0.095,0.046,0.049,0.051,0.043,0.044,0.046
1,E,6,None,WDM,M,0.052,0.042,0.01,0.042,0.042,0.043,0.042
1,E,7,UM,WDM,M,0.125,0.046,0.079,0.046,0.043,0.048,0.046
1,E,8,WDM,WDM,M,0.127,0.045,0.082,0.05,0.042,0.044,0.045
1,E,9,M,WDM,M,0.061,0.048,0.013,0.053,0.043,0.048,0.048
1,E,10,DR,WDM,M,0.106,0.045,0.061,0.045,0.044,0.045,0.045
1,E,11,M,DR,UM,0.091,0.045,0.046,0.046,0.043,0.045,0.045
1,E,12,WDM,DR,UM,0.143,0.052,0.091,0.052,0.051,0.053,0.052
1,F,1,DR,M,WDM,0.105,0.042,0.063,0.042,0.042,0.043,0.042
1,F,2,UM,M,WDM,0.087,0.047,0.04,0.047,0.049,0.045,0.047
1,F,3,None,M,WDM,0.073,0.045,0.028,0.046,0.043,0.045,0.045
1,F,4,WDM,M,WDM,0.095,0.056,0.039,0.086,0.041,0.041,0.056
1,F,5,M,M,WDM,0.055,0.046,0.009,0.051,0.044,0.042,0.046
1,F,6,None,M,M,0.053,0.05,0.003,0.056,0.052,0.043,0.05
1,F,7,UM,M,M,0.085,0.049,0.036,0.059,0.042,0.045,0.049
1,F,8,WDM,M,M,0.122,0.045,0.077,0.051,0.042,0.042,0.045
1,F,9,M,M,M,0.075,0.045,0.03,0.048,0.042,0.046,0.045
1,F,10,DR,M,M,0.103,0.043,0.06,0.043,0.043,0.043,0.043
1,F,11,M,WDM,UM,0.063,0.043,0.02,0.042,0.044,0.042,0.043
1,F,12,WDM,WDM,UM,0.076,0.044,0.032,0.044,0.044,0.043,0.044
1,G,1,DR,DR,WDM,0.077,0.042,0.035,0.041,0.042,0.042,0.042
1,G,2,UM,DR,WDM,0.09,0.043,0.047,0.041,0.041,0.048,0.043
1,G,3,None,DR,WDM,0.059,0.041,0.018,0.039,0.04,0.043,0.041
1,G,4,WDM,DR,WDM,0.071,0.041,0.03,0.039,0.04,0.043,0.041
1,G,5,M,DR,WDM,0.061,0.045,0.016,0.04,0.051,0.044,0.045
1,G,6,None,DR,M,0.059,0.044,0.015,0.044,0.045,0.044,0.044
1,G,7,UM,DR,M,0.11,0.05,0.06,0.06,0.045,0.046,0.05
1,G,8,WDM,DR,M,0.132,0.053,0.079,0.07,0.044,0.046,0.053
1,G,9,M,DR,M,0.083,0.042,0.041,0.043,0.042,0.042,0.042
1,G,10,DR,DR,M,0.079,0.044,0.035,0.044,0.043,0.044,0.044
1,G,11,M,M,UM,0.108,0.044,0.064,0.041,0.045,0.045,0.044
1,G,12,WDM,M,UM,0.17,0.045,0.125,0.045,0.042,0.048,0.045
1,H,1,DR,UM,WDM,0.064,0.052,0.012,0.051,0.056,0.05,0.052
1,H,2,UM,UM,WDM,0.071,0.044,0.027,0.046,0.042,0.044,0.044
1,H,3,None,UM,WDM,0.084,0.055,0.029,0.052,0.053,0.06,0.055
1,H,4,WDM,UM,WDM,0.081,0.04,0.041,0.039,0.039,0.042,0.04
1,H,5,M,UM,WDM,0.116,0.049,0.067,0.052,0.043,0.053,0.049
1,H,6,None,UM,M,0.055,0.047,0.008,0.051,0.041,0.05,0.047
1,H,7,UM,UM,M,0.074,0.046,0.028,0.044,0.043,0.051,0.046
1,H,8,WDM,UM,M,0.07,0.085,-0.015,0.047,0.051,0.158,0.085
1,H,9,M,UM,M,0.081,0.052,0.029,0.054,0.051,0.052,0.052
1,H,10,DR,UM,M,0.076,0.045,0.031,0.044,0.046,0.046,0.045
1,H,11,M,UM,UM,0.088,0.043,0.045,0.043,0.043,0.042,0.043
1,H,12,WDM,UM,UM,0.074,0.045,0.029,0.044,0.042,0.05,0.045
2,A,1,DR,M,DR,0.152,0.044,0.108,,,,
2,A,2,None,M,DR,0.053,0.047,0.006,,,,
2,A,3,UM,M,WDM,0.336,0.043,0.293,,,,
2,A,4,None,M,WDM,0.063,0.043,0.02,,,,
2,A,5,UM,M,WDM,0.102,0.044,0.058,,,,
2,A,6,M,M,WDM,0.083,0.044,0.039,,,,
2,A,7,WDM,M,WDM,0.077,0.044,0.033,,,,
2,A,8,DR,M,WDM,0.098,0.043,0.055,,,,
2,A,9,DR,M,DR,0.11,0.043,0.067,,,,
2,A,10,UM,M,DR,0.103,0.153,-0.05,,,,
2,A,11,WDM,M,DR,0.139,0.046,0.093,,,,
2,A,12,M,M,DR,0.095,0.043,0.052,,,,
2,B,1,DR,WDM,DR,0.101,0.044,0.057,,,,
2,B,2,None,WDM,DR,0.05,0.042,0.008,,,,
2,B,3,UM,WDM,WDM,0.066,0.042,0.024,,,,
2,B,4,None,WDM,WDM,0.052,0.044,0.008,,,,
2,B,5,UM,WDM,WDM,0.076,0.045,0.031,,,,
2,B,6,M,WDM,WDM,0.103,0.046,0.057,,,,
2,B,7,WDM,WDM,WDM,0.092,0.045,0.047,,,,
2,B,8,DR,WDM,WDM,0.072,0.045,0.027,,,,
2,B,9,DR,UM,DR,0.071,0.046,0.025,,,,
2,B,10,UM,UM,DR,0.145,0.043,0.102,,,,
2,B,11,WDM,UM,DR,0.073,0.043,0.03,,,,
2,B,12,M,UM,DR,0.087,0.043,0.044,,,,
2,C,1,DR,UM,DR,0.218,0.044,0.174,,,,
2,C,2,None,UM,DR,0.3,0.044,0.256,,,,
2,C,3,UM,UM,WDM,0.405,0.044,0.361,,,,
2,C,4,None,UM,WDM,0.068,0.045,0.023,,,,
2,C,5,UM,UM,WDM,0.075,0.046,0.029,,,,
2,C,6,M,UM,WDM,0.071,0.049,0.022,,,,
2,C,7,WDM,UM,WDM,0.078,0.061,0.017,,,,
2,C,8,DR,UM,WDM,0.074,0.047,0.027,,,,
2,C,9,DR,DR,DR,0.067,0.044,0.023,,,,
2,C,10,UM,DR,DR,0.067,0.043,0.024,,,,
2,C,11,WDM,DR,DR,0.091,0.047,0.044,,,,
2,C,12,M,DR,DR,0.069,0.044,0.025,,,,
2,D,1,DR,DR,DR,0.114,0.042,0.072,,,,
2,D,2,None,DR,DR,0.059,0.047,0.012,,,,
2,D,3,UM,DR,WDM,0.18,0.046,0.134,,,,
2,D,4,None,DR,WDM,0.06,0.044,0.016,,,,
2,D,5,UM,DR,WDM,0.069,0.045,0.024,,,,
2,D,6,M,DR,WDM,0.077,0.044,0.033,,,,
2,D,7,WDM,DR,WDM,0.06,0.047,0.013,,,,
2,D,8,DR,DR,WDM,0.244,0.044,0.2,,,,
2,D,9,DR,WDM,DR,0.061,0.043,0.018,,,,
2,D,10,UM,WDM,DR,0.077,0.043,0.034,,,,
2,D,11,WDM,WDM,DR,0.061,0.043,0.018,,,,
2,D,12,M,WDM,DR,0.055,0.043,0.012,,,,
2,E,1,DR,DR,UM,0.092,0.043,0.049,,,,
2,E,2,None,DR,UM,0.056,0.047,0.009,,,,
2,E,3,UM,DR,UM,0.127,0.043,0.084,,,,
2,E,4,None,DR,M,0.06,0.044,0.016,,,,
2,E,5,UM,DR,M,0.088,0.046,0.042,,,,
2,E,6,M,DR,M,0.059,0.042,0.017,,,,
2,E,7,WDM,DR,M,0.093,0.046,0.047,,,,
2,E,8,DR,DR,M,0.129,0.045,0.084,,,,
2,E,9,DR,UM,UM,0.104,0.048,0.056,,,,
2,E,10,UM,UM,UM,0.07,0.045,0.025,,,,
2,E,11,WDM,UM,UM,0.06,0.045,0.015,,,,
2,E,12,M,UM,UM,0.067,0.052,0.015,,,,
2,F,1,DR,WDM,UM,0.073,0.042,0.031,,,,
2,F,2,None,WDM,UM,0.324,0.047,0.277,,,,
2,F,3,UM,WDM,UM,0.058,0.045,0.013,,,,
2,F,4,None,WDM,M,0.049,0.056,-0.007,,,,
2,F,5,UM,WDM,M,0.055,0.046,0.009,,,,
2,F,6,M,WDM,M,0.049,0.05,-0.001,,,,
2,F,7,WDM,WDM,M,0.059,0.049,0.01,,,,
2,F,8,DR,WDM,M,0.105,0.045,0.06,,,,
2,F,9,DR,DR,UM,0.094,0.045,0.049,,,,
2,F,10,UM,DR,UM,0.069,0.043,0.026,,,,
2,F,11,WDM,DR,UM,0.067,0.043,0.024,,,,
2,F,12,M,DR,UM,0.061,0.044,0.017,,,,
2,G,1,DR,M,UM,0.109,0.042,0.067,,,,
2,G,2,None,M,UM,0.05,0.043,0.007,,,,
2,G,3,UM,M,UM,0.49,0.041,0.449,,,,
2,G,4,None,M,M,0.05,0.041,0.009,,,,
2,G,5,UM,M,M,0.041,0.045,-0.004,,,,
2,G,6,M,M,M,0.107,0.044,0.063,,,,
2,G,7,WDM,M,M,0.116,0.05,0.066,,,,
2,G,8,DR,M,M,0.161,0.053,0.108,,,,
2,G,9,DR,M,UM,0.101,0.042,0.059,,,,
2,G,10,UM,M,UM,0.154,0.044,0.11,,,,
2,G,11,WDM,M,UM,0.103,0.044,0.059,,,,
2,G,12,M,M,UM,0.095,0.045,0.05,,,,
2,H,1,DR,UM,UM,0.099,0.052,0.047,,,,
2,H,2,None,UM,UM,0.102,0.044,0.058,,,,
2,H,3,UM,UM,UM,0.181,0.055,0.126,,,,
2,H,4,None,UM,M,0.112,0.04,0.072,,,,
2,H,5,UM,UM,M,0.125,0.049,0.076,,,,
2,H,6,M,UM,M,0.072,0.047,0.025,,,,
2,H,7,WDM,UM,M,0.091,0.046,0.045,,,,
2,H,8,DR,UM,M,0.077,0.085,-0.008,,,,
2,H,9,DR,WDM,UM,0.085,0.052,0.033,,,,
2,H,10,UM,WDM,UM,0.218,0.045,0.173,,,,
2,H,11,WDM,WDM,UM,0.072,0.043,0.029,,,,
2,H,12,M,WDM,UM,0.07,0.045,0.025,,,,
3,A,1,None,M,DR,0.058,0.044,0.014,,,,
3,A,2,DR,M,WDM,0.087,0.047,0.04,,,,
3,A,3,UM,M,WDM,0.076,0.043,0.033,,,,
3,A,4,WDM,M,WDM,0.056,0.043,0.013,,,,
3,A,5,None,M,WDM,0.063,0.044,0.019,,,,
3,A,6,M,M,WDM,0.085,0.044,0.041,,,,
3,A,7,M,DR,WDM,0.082,0.044,0.038,,,,
3,A,8,None,DR,WDM,0.057,0.043,0.014,,,,
3,A,9,WDM,DR,WDM,0.111,0.043,0.068,,,,
3,A,10,UM,DR,WDM,0.064,0.153,-0.089,,,,
3,A,11,DR,DR,WDM,0.079,0.046,0.033,,,,
3,A,12,DR,DR,DR,0.216,0.043,0.173,,,,
3,B,1,None,UM,DR,0.212,0.044,0.168,,,,
3,B,2,DR,UM,WDM,0.08,0.042,0.038,,,,
3,B,3,UM,UM,WDM,0.066,0.042,0.024,,,,
3,B,4,WDM,UM,WDM,0.076,0.044,0.032,,,,
3,B,5,None,UM,WDM,0.101,0.045,0.056,,,,
3,B,6,M,UM,WDM,0.073,0.046,0.027,,,,
3,B,7,M,M,WDM,0.09,0.045,0.045,,,,
3,B,8,None,M,WDM,0.175,0.045,0.13,,,,
3,B,9,WDM,M,WDM,0.106,0.046,0.06,,,,
3,B,10,UM,M,WDM,0.102,0.043,0.059,,,,
3,B,11,DR,M,WDM,0.103,0.043,0.06,,,,
3,B,12,DR,M,DR,0.101,0.043,0.058,,,,
3,C,1,None,DR,DR,0.062,0.044,0.018,,,,
3,C,2,DR,DR,WDM,0.12,0.044,0.076,,,,
3,C,3,UM,DR,WDM,0.067,0.044,0.023,,,,
3,C,4,WDM,DR,WDM,0.102,0.045,0.057,,,,
3,C,5,None,DR,WDM,0.066,0.046,0.02,,,,
3,C,6,M,DR,WDM,0.063,0.049,0.014,,,,
3,C,7,M,UM,WDM,0.08,0.061,0.019,,,,
3,C,8,None,UM,WDM,0.066,0.047,0.019,,,,
3,C,9,WDM,UM,WDM,0.084,0.044,0.04,,,,
3,C,10,UM,UM,WDM,0.065,0.043,0.022,,,,
3,C,11,DR,UM,WDM,0.08,0.047,0.033,,,,
3,C,12,DR,UM,DR,0.101,0.044,0.057,,,,
3,D,1,None,WDM,DR,0.05,0.042,0.008,,,,
3,D,2,DR,WDM,WDM,0.071,0.047,0.024,,,,
3,D,3,UM,WDM,WDM,0.091,0.046,0.045,,,,
3,D,4,WDM,WDM,WDM,0.057,0.044,0.013,,,,
3,D,5,None,WDM,WDM,0.056,0.045,0.011,,,,
3,D,6,M,WDM,WDM,0.053,0.044,0.009,,,,
3,D,7,M,WDM,WDM,0.07,0.047,0.023,,,,
3,D,8,None,WDM,WDM,0.066,0.044,0.022,,,,
3,D,9,WDM,WDM,WDM,0.058,0.043,0.015,,,,
3,D,10,UM,WDM,WDM,0.071,0.043,0.028,,,,
3,D,11,DR,WDM,WDM,0.069,0.043,0.026,,,,
3,D,12,DR,WDM,DR,0.348,0.043,0.305,,,,
3,E,1,None,UM,UM,0.054,0.043,0.011,,,,
3,E,2,DR,UM,M,0.165,0.047,0.118,,,,
3,E,3,UM,UM,M,0.086,0.043,0.043,,,,
3,E,4,WDM,UM,M,0.123,0.044,0.079,,,,
3,E,5,None,UM,M,0.068,0.046,0.022,,,,
3,E,6,M,UM,M,0.132,0.042,0.09,,,,
3,E,7,M,M,M,0.07,0.046,0.024,,,,
3,E,8,None,M,M,0.054,0.045,0.009,,,,
3,E,9,WDM,M,M,0.103,0.048,0.055,,,,
3,E,10,UM,M,M,0.157,0.045,0.112,,,,
3,E,11,DR,M,M,0.142,0.045,0.097,,,,
3,E,12,DR,M,UM,0.162,0.052,0.11,,,,
3,F,1,None,DR,UM,0.144,0.042,0.102,,,,
3,F,2,DR,DR,M,0.129,0.047,0.082,,,,
3,F,3,UM,DR,M,0.321,0.045,0.276,,,,
3,F,4,WDM,DR,M,0.097,0.056,0.041,,,,
3,F,5,None,DR,M,0.059,0.046,0.013,,,,
3,F,6,M,DR,M,0.085,0.05,0.035,,,,
3,F,7,M,UM,M,0.104,0.049,0.055,,,,
3,F,8,None,UM,M,0.06,0.045,0.015,,,,
3,F,9,WDM,UM,M,0.102,0.045,0.057,,,,
3,F,10,UM,UM,M,0.257,0.043,0.214,,,,
3,F,11,DR,UM,M,0.129,0.043,0.086,,,,
3,F,12,DR,UM,UM,0.083,0.044,0.039,,,,
3,G,1,None,M,UM,0.049,0.042,0.007,,,,
3,G,2,DR,M,M,0.091,0.043,0.048,,,,
3,G,3,UM,M,M,0.262,0.041,0.221,,,,
3,G,4,WDM,M,M,0.102,0.041,0.061,,,,
3,G,5,None,M,M,0.05,0.045,0.005,,,,
3,G,6,M,M,M,0.128,0.044,0.084,,,,
3,G,7,M,DR,M,0.098,0.05,0.048,,,,
3,G,8,None,DR,M,0.065,0.053,0.012,,,,
3,G,9,WDM,DR,M,0.098,0.042,0.056,,,,
3,G,10,UM,DR,M,0.379,0.044,0.335,,,,
3,G,11,DR,DR,M,0.519,0.044,0.475,,,,
3,G,12,DR,DR,UM,0.324,0.045,0.279,,,,
3,H,1,None,WDM,UM,0.057,0.052,0.005,,,,
3,H,2,DR,WDM,M,0.137,0.044,0.093,,,,
3,H,3,UM,WDM,M,0.069,0.055,0.014,,,,
3,H,4,WDM,WDM,M,0.105,0.04,0.065,,,,
3,H,5,None,WDM,M,0.051,0.049,0.002,,,,
3,H,6,M,WDM,M,0.097,0.047,0.05,,,,
3,H,7,M,WDM,M,0.069,0.046,0.023,,,,
3,H,8,None,WDM,M,0.054,0.085,-0.031,,,,
3,H,9,WDM,WDM,M,0.071,0.052,0.019,,,,
3,H,10,UM,WDM,M,0.054,0.045,0.009,,,,
3,H,11,DR,WDM,M,0.211,0.043,0.168,,,,
3,H,12,DR,WDM,UM,0.186,0.045,0.141,,,,
4,A,1,WDM,DR,DR,0.154,0.044,0.11,,,,
4,A,2,None,DR,DR,0.065,0.047,0.018,,,,
4,A,3,M,DR,DR,0.527,0.043,0.484,,,,
4,A,4,UM,DR,DR,0.068,0.043,0.025,,,,
4,A,5,DR,UM,M,0.073,0.044,0.029,,,,
4,A,6,WDM,UM,M,0.054,0.044,0.01,,,,
4,A,7,M,UM,M,0.112,0.044,0.068,,,,
4,A,8,UM,UM,M,0.09,0.043,0.047,,,,
4,A,9,None,UM,M,0.068,0.043,0.025,,,,
4,A,10,DR,UM,DR,0.078,0.153,-0.075,,,,
4,A,11,None,UM,DR,0.072,0.046,0.026,,,,
4,A,12,WDM,UM,DR,0.082,0.043,0.039,,,,
4,B,1,WDM,M,DR,0.085,0.044,0.041,,,,
4,B,2,None,M,DR,0.069,0.042,0.027,,,,
4,B,3,M,M,DR,0.105,0.042,0.063,,,,
4,B,4,UM,M,DR,0.291,0.044,0.247,,,,
4,B,5,DR,M,M,0.106,0.045,0.061,,,,
4,B,6,WDM,M,M,0.134,0.046,0.088,,,,
4,B,7,M,M,M,0.087,0.045,0.042,,,,
4,B,8,UM,M,M,0.248,0.045,0.203,,,,
4,B,9,None,M,M,0.053,0.046,0.007,,,,
4,B,10,DR,M,DR,0.091,0.043,0.048,,,,
4,B,11,None,M,DR,0.054,0.043,0.011,,,,
4,B,12,WDM,M,DR,0.118,0.043,0.075,,,,
4,C,1,WDM,UM,DR,0.084,0.044,0.04,,,,
4,C,2,None,UM,DR,0.065,0.044,0.021,,,,
4,C,3,M,UM,DR,0.09,0.044,0.046,,,,
4,C,4,UM,UM,DR,0.076,0.045,0.031,,,,
4,C,5,DR,DR,M,0.233,0.046,0.187,,,,
4,C,6,WDM,DR,M,0.085,0.049,0.036,,,,
4,C,7,M,DR,M,0.097,0.061,0.036,,,,
4,C,8,UM,DR,M,0.077,0.047,0.03,,,,
4,C,9,None,DR,M,0.063,0.044,0.019,,,,
4,C,10,DR,DR,DR,0.077,0.043,0.034,,,,
4,C,11,None,DR,DR,0.064,0.047,0.017,,,,
4,C,12,WDM,DR,DR,0.076,0.044,0.032,,,,
4,D,1,WDM,WDM,DR,0.071,0.042,0.029,,,,
4,D,2,None,WDM,DR,0.05,0.047,0.003,,,,
4,D,3,M,WDM,DR,0.066,0.046,0.02,,,,
4,D,4,UM,WDM,DR,0.056,0.044,0.012,,,,
4,D,5,DR,WDM,M,0.109,0.045,0.064,,,,
4,D,6,WDM,WDM,M,0.096,0.044,0.052,,,,
4,D,7,M,WDM,M,0.078,0.047,0.031,,,,
4,D,8,UM,WDM,M,0.207,0.044,0.163,,,,
4,D,9,None,WDM,M,0.055,0.043,0.012,,,,
4,D,10,DR,WDM,DR,0.065,0.043,0.022,,,,
4,D,11,None,WDM,DR,0.052,0.043,0.009,,,,
4,D,12,WDM,WDM,DR,0.076,0.043,0.033,,,,
4,E,1,WDM,M,UM,0.133,0.043,0.09,,,,
4,E,2,None,M,UM,0.052,0.047,0.005,,,,
4,E,3,M,M,UM,0.072,0.043,0.029,,,,
4,E,4,UM,M,UM,0.125,0.044,0.081,,,,
4,E,5,DR,M,WDM,0.069,0.046,0.023,,,,
4,E,6,WDM,M,WDM,0.08,0.042,0.038,,,,
4,E,7,M,M,WDM,0.054,0.046,0.008,,,,
4,E,8,UM,M,WDM,0.073,0.045,0.028,,,,
4,E,9,None,M,WDM,0.056,0.048,0.008,,,,
4,E,10,DR,M,UM,0.082,0.045,0.037,,,,
4,E,11,None,M,UM,0.051,0.045,0.006,,,,
4,E,12,WDM,M,UM,0.092,0.052,0.04,,,,
4,F,1,WDM,UM,UM,0.105,0.042,0.063,,,,
4,F,2,None,UM,UM,0.062,0.047,0.015,,,,
4,F,3,M,UM,UM,0.079,0.045,0.034,,,,
4,F,4,UM,UM,UM,0.08,0.056,0.024,,,,
4,F,5,DR,WDM,WDM,0.068,0.046,0.022,,,,
4,F,6,WDM,WDM,WDM,0.055,0.05,0.005,,,,
4,F,7,M,WDM,WDM,0.076,0.049,0.027,,,,
4,F,8,UM,WDM,WDM,0.055,0.045,0.01,,,,
4,F,9,None,WDM,WDM,0.05,0.045,0.005,,,,
4,F,10,DR,WDM,UM,0.071,0.043,0.028,,,,
4,F,11,None,WDM,UM,0.051,0.043,0.008,,,,
4,F,12,WDM,WDM,UM,0.084,0.044,0.04,,,,
4,G,1,WDM,DR,UM,0.064,0.042,0.022,,,,
4,G,2,None,DR,UM,0.061,0.043,0.018,,,,
4,G,3,M,DR,UM,0.101,0.041,0.06,,,,
4,G,4,UM,DR,UM,0.065,0.041,0.024,,,,
4,G,5,DR,DR,WDM,0.065,0.045,0.02,,,,
4,G,6,WDM,DR,WDM,0.064,0.044,0.02,,,,
4,G,7,M,DR,WDM,1.52,0.05,1.47,,,,
4,G,8,UM,DR,WDM,0.079,0.053,0.026,,,,
4,G,9,None,DR,WDM,0.058,0.042,0.016,,,,
4,G,10,DR,DR,UM,0.062,0.044,0.018,,,,
4,G,11,None,DR,UM,0.06,0.044,0.016,,,,
4,G,12,WDM,DR,UM,0.08,0.045,0.035,,,,
4,H,1,WDM,WDM,UM,0.065,0.052,0.013,,,,
4,H,2,None,WDM,UM,0.056,0.044,0.012,,,,
4,H,3,M,WDM,UM,0.105,0.055,0.05,,,,
4,H,4,UM,WDM,UM,0.074,0.04,0.034,,,,
4,H,5,DR,UM,WDM,0.075,0.049,0.026,,,,
4,H,6,WDM,UM,WDM,0.079,0.047,0.032,,,,
4,H,7,M,UM,WDM,0.056,0.046,0.01,,,,
4,H,8,UM,UM,WDM,0.085,0.085,0,,,,
4,H,9,None,UM,WDM,0.07,0.052,0.018,,,,
4,H,10,DR,UM,UM,0.094,0.045,0.049,,,,
4,H,11,None,UM,UM,0.058,0.043,0.015,,,,
4,H,12,WDM,UM,UM,0.087,0.045,0.042,,,,
5,A,1,UM,UM,DR,0.295,0.044,0.251,,,,
5,A,2,M,UM,DR,0.15,0.047,0.103,,,,
5,A,3,UM,WDM,M,0.72,0.043,0.677,,,,
5,A,4,WDM,WDM,M,0.069,0.043,0.026,,,,
5,A,5,None,WDM,M,0.059,0.044,0.015,,,,
5,A,6,M,WDM,M,0.074,0.044,0.03,,,,
5,A,7,DR,WDM,M,0.101,0.044,0.057,,,,
5,A,8,UM,WDM,WDM,0.09,0.043,0.047,,,,
5,A,9,WDM,WDM,WDM,0.072,0.043,0.029,,,,
5,A,10,DR,WDM,WDM,0.083,0.153,-0.07,,,,
5,A,11,None,WDM,WDM,0.058,0.046,0.012,,,,
5,A,12,M,WDM,WDM,0.07,0.043,0.027,,,,
5,B,1,UM,M,DR,0.263,0.044,0.219,,,,
5,B,2,M,M,DR,0.089,0.042,0.047,,,,
5,B,3,UM,UM,M,0.073,0.042,0.031,,,,
5,B,4,WDM,UM,M,0.1,0.044,0.056,,,,
5,B,5,None,UM,M,0.054,0.045,0.009,,,,
5,B,6,M,UM,M,0.071,0.046,0.025,,,,
5,B,7,DR,UM,M,0.077,0.045,0.032,,,,
5,B,8,UM,UM,WDM,0.316,0.045,0.271,,,,
5,B,9,WDM,UM,WDM,0.11,0.046,0.064,,,,
5,B,10,DR,UM,WDM,0.132,0.043,0.089,,,,
5,B,11,None,UM,WDM,0.055,0.043,0.012,,,,
5,B,12,M,UM,WDM,0.095,0.043,0.052,,,,
5,C,1,UM,DR,DR,0.077,0.044,0.033,,,,
5,C,2,M,DR,DR,0.075,0.044,0.031,,,,
5,C,3,UM,DR,M,0.077,0.044,0.033,,,,
5,C,4,WDM,DR,M,0.081,0.045,0.036,,,,
5,C,5,None,DR,M,0.061,0.046,0.015,,,,
5,C,6,M,DR,M,0.074,0.049,0.025,,,,
5,C,7,DR,DR,M,0.072,0.061,0.011,,,,
5,C,8,UM,DR,WDM,0.142,0.047,0.095,,,,
5,C,9,WDM,DR,WDM,0.103,0.044,0.059,,,,
5,C,10,DR,DR,WDM,0.073,0.043,0.03,,,,
5,C,11,None,DR,WDM,0.066,0.047,0.019,,,,
5,C,12,M,DR,WDM,0.085,0.044,0.041,,,,
5,D,1,UM,WDM,DR,0.284,0.042,0.242,,,,
5,D,2,M,WDM,DR,0.072,0.047,0.025,,,,
5,D,3,UM,M,M,0.224,0.046,0.178,,,,
5,D,4,WDM,M,M,0.091,0.044,0.047,,,,
5,D,5,None,M,M,0.053,0.045,0.008,,,,
5,D,6,M,M,M,0.095,0.044,0.051,,,,
5,D,7,DR,M,M,0.07,0.047,0.023,,,,
5,D,8,UM,M,WDM,0.156,0.044,0.112,,,,
5,D,9,WDM,M,WDM,0.121,0.043,0.078,,,,
5,D,10,DR,M,WDM,0.096,0.043,0.053,,,,
5,D,11,None,M,WDM,0.062,0.043,0.019,,,,
5,D,12,M,M,WDM,0.092,0.043,0.049,,,,
5,E,1,UM,M,UM,0.137,0.043,0.094,,,,
5,E,2,M,M,UM,0.309,0.047,0.262,,,,
5,E,3,UM,M,DR,0.163,0.043,0.12,,,,
5,E,4,WDM,M,DR,0.12,0.044,0.076,,,,
5,E,5,None,M,DR,0.084,0.046,0.038,,,,
5,E,6,M,M,DR,0.103,0.042,0.061,,,,
5,E,7,DR,M,DR,0.154,0.046,0.108,,,,
5,E,8,UM,M,UM,0.148,0.045,0.103,,,,
5,E,9,WDM,M,UM,0.108,0.048,0.06,,,,
5,E,10,DR,M,UM,0.107,0.045,0.062,,,,
5,E,11,None,M,UM,0.049,0.045,0.004,,,,
5,E,12,M,M,UM,0.063,0.052,0.011,,,,
5,F,1,UM,WDM,UM,0.142,0.042,0.1,,,,
5,F,2,M,WDM,UM,0.087,0.047,0.04,,,,
5,F,3,UM,WDM,DR,0.106,0.045,0.061,,,,
5,F,4,WDM,WDM,DR,0.1,0.056,0.044,,,,
5,F,5,None,WDM,DR,0.053,0.046,0.007,,,,
5,F,6,M,WDM,DR,0.096,0.05,0.046,,,,
5,F,7,DR,WDM,DR,0.082,0.049,0.033,,,,
5,F,8,UM,WDM,UM,0.059,0.045,0.014,,,,
5,F,9,WDM,WDM,UM,0.093,0.045,0.048,,,,
5,F,10,DR,WDM,UM,0.078,0.043,0.035,,,,
5,F,11,None,WDM,UM,0.055,0.043,0.012,,,,
5,F,12,M,WDM,UM,0.087,0.044,0.043,,,,
5,G,1,UM,DR,UM,0.096,0.042,0.054,,,,
5,G,2,M,DR,UM,0.094,0.043,0.051,,,,
5,G,3,UM,UM,DR,0.2,0.041,0.159,,,,
5,G,4,WDM,UM,DR,0.083,0.041,0.042,,,,
5,G,5,None,UM,DR,0.061,0.045,0.016,,,,
5,G,6,M,UM,DR,0.087,0.044,0.043,,,,
5,G,7,DR,UM,DR,0.124,0.05,0.074,,,,
5,G,8,UM,UM,UM,0.075,0.053,0.022,,,,
5,G,9,WDM,UM,UM,0.106,0.042,0.064,,,,
5,G,10,DR,UM,UM,0.087,0.044,0.043,,,,
5,G,11,None,UM,UM,0.157,0.044,0.113,,,,
5,G,12,M,UM,UM,0.116,0.045,0.071,,,,
5,H,1,UM,UM,UM,0.199,0.052,0.147,,,,
5,H,2,M,UM,UM,0.122,0.044,0.078,,,,
5,H,3,UM,DR,DR,0.152,0.055,0.097,,,,
5,H,4,WDM,DR,DR,0.148,0.04,0.108,,,,
5,H,5,None,DR,DR,0.051,0.049,0.002,,,,
5,H,6,M,DR,DR,0.093,0.047,0.046,,,,
5,H,7,DR,DR,DR,0.097,0.046,0.051,,,,
5,H,8,UM,DR,UM,0.065,0.085,-0.02,,,,
5,H,9,WDM,DR,UM,0.087,0.052,0.035,,,,
5,H,10,DR,DR,UM,0.198,0.045,0.153,,,,
5,H,11,None,DR,UM,0.054,0.043,0.011,,,,
5,H,12,M,DR,UM,0.336,0.045,0.291,,,,
6,A,1,WDM,WDM,WDM,0.086,0.044,0.042,,,,
6,A,2,M,WDM,WDM,0.068,0.047,0.021,,,,
6,A,3,DR,WDM,WDM,0.069,0.043,0.026,,,,
6,A,4,None,WDM,WDM,0.057,0.043,0.014,,,,
6,A,5,UM,WDM,WDM,0.056,0.044,0.012,,,,
6,A,6,M,WDM,M,0.077,0.044,0.033,,,,
6,A,7,None,WDM,M,0.05,0.044,0.006,,,,
6,A,8,WDM,WDM,M,0.085,0.043,0.042,,,,
6,A,9,DR,WDM,M,0.362,0.043,0.319,,,,
6,A,10,UM,WDM,M,0.066,0.153,-0.087,,,,
6,A,11,M,M,M,0.112,0.046,0.066,,,,
6,A,12,UM,M,M,0.075,0.043,0.032,,,,
6,B,1,WDM,DR,WDM,0.424,0.044,0.38,,,,
6,B,2,M,DR,WDM,0.141,0.042,0.099,,,,
6,B,3,DR,DR,WDM,0.57,0.042,0.528,,,,
6,B,4,None,DR,WDM,0.06,0.044,0.016,,,,
6,B,5,UM,DR,WDM,0.067,0.045,0.022,,,,
6,B,6,M,DR,M,0.07,0.046,0.024,,,,
6,B,7,None,DR,M,0.062,0.045,0.017,,,,
6,B,8,WDM,DR,M,0.202,0.045,0.157,,,,
6,B,9,DR,DR,M,0.075,0.046,0.029,,,,
6,B,10,UM,DR,M,0.1,0.043,0.057,,,,
6,B,11,M,DR,M,0.077,0.043,0.034,,,,
6,B,12,UM,DR,M,0.109,0.043,0.066,,,,
6,C,1,WDM,M,WDM,0.117,0.044,0.073,,,,
6,C,2,M,M,WDM,0.084,0.044,0.04,,,,
6,C,3,DR,M,WDM,0.085,0.044,0.041,,,,
6,C,4,None,M,WDM,0.057,0.045,0.012,,,,
6,C,5,UM,M,WDM,0.074,0.046,0.028,,,,
6,C,6,M,M,M,0.08,0.049,0.031,,,,
6,C,7,None,M,M,0.052,0.061,-0.009,,,,
6,C,8,WDM,M,M,0.056,0.047,0.009,,,,
6,C,9,DR,M,M,0.097,0.044,0.053,,,,
6,C,10,UM,M,M,0.106,0.043,0.063,,,,
6,C,11,M,UM,M,0.11,0.047,0.063,,,,
6,C,12,UM,UM,M,0.115,0.044,0.071,,,,
6,D,1,WDM,UM,WDM,0.08,0.042,0.038,,,,
6,D,2,M,UM,WDM,0.095,0.047,0.048,,,,
6,D,3,DR,UM,WDM,0.072,0.046,0.026,,,,
6,D,4,None,UM,WDM,0.06,0.044,0.016,,,,
6,D,5,UM,UM,WDM,0.063,0.045,0.018,,,,
6,D,6,M,UM,M,0.09,0.044,0.046,,,,
6,D,7,None,UM,M,0.062,0.047,0.015,,,,
6,D,8,WDM,UM,M,0.161,0.044,0.117,,,,
6,D,9,DR,UM,M,0.085,0.043,0.042,,,,
6,D,10,UM,UM,M,0.065,0.043,0.022,,,,
6,D,11,M,WDM,M,0.072,0.043,0.029,,,,
6,D,12,UM,WDM,M,0.065,0.043,0.022,,,,
6,E,1,WDM,DR,UM,0.088,0.043,0.045,,,,
6,E,2,M,DR,UM,0.123,0.047,0.076,,,,
6,E,3,DR,DR,UM,0.117,0.043,0.074,,,,
6,E,4,None,DR,UM,0.059,0.044,0.015,,,,
6,E,5,UM,DR,UM,0.068,0.046,0.022,,,,
6,E,6,M,DR,DR,0.081,0.042,0.039,,,,
6,E,7,None,DR,DR,0.063,0.046,0.017,,,,
6,E,8,WDM,DR,DR,0.076,0.045,0.031,,,,
6,E,9,DR,DR,DR,0.278,0.048,0.23,,,,
6,E,10,UM,DR,DR,0.072,0.045,0.027,,,,
6,E,11,M,UM,WDM,0.141,0.045,0.096,,,,
6,E,12,UM,UM,WDM,0.073,0.052,0.021,,,,
6,F,1,WDM,M,UM,0.1,0.042,0.058,,,,
6,F,2,M,M,UM,0.063,0.047,0.016,,,,
6,F,3,DR,M,UM,0.154,0.045,0.109,,,,
6,F,4,None,M,UM,0.05,0.056,-0.006,,,,
6,F,5,UM,M,UM,0.073,0.046,0.027,,,,
6,F,6,M,M,DR,0.108,0.05,0.058,,,,
6,F,7,None,M,DR,0.052,0.049,0.003,,,,
6,F,8,WDM,M,DR,0.1,0.045,0.055,,,,
6,F,9,DR,M,DR,0.104,0.045,0.059,,,,
6,F,10,UM,M,DR,0.295,0.043,0.252,,,,
6,F,11,M,WDM,WDM,0.1,0.043,0.057,,,,
6,F,12,UM,WDM,WDM,0.147,0.044,0.103,,,,
6,G,1,WDM,UM,UM,0.079,0.042,0.037,,,,
6,G,2,M,UM,UM,0.097,0.043,0.054,,,,
6,G,3,DR,UM,UM,0.132,0.041,0.091,,,,
6,G,4,None,UM,UM,0.276,0.041,0.235,,,,
6,G,5,UM,UM,UM,0.051,0.045,0.006,,,,
6,G,6,M,UM,DR,0.159,0.044,0.115,,,,
6,G,7,None,UM,DR,0.167,0.05,0.117,,,,
6,G,8,WDM,UM,DR,0.19,0.053,0.137,,,,
6,G,9,DR,UM,DR,0.1,0.042,0.058,,,,
6,G,10,UM,UM,DR,0.22,0.044,0.176,,,,
6,G,11,M,M,WDM,0.111,0.044,0.067,,,,
6,G,12,UM,M,WDM,0.1,0.045,0.055,,,,
6,H,1,WDM,WDM,UM,0.057,0.052,0.005,,,,
6,H,2,M,WDM,UM,0.073,0.044,0.029,,,,
6,H,3,DR,WDM,UM,0.068,0.055,0.013,,,,
6,H,4,None,WDM,UM,0.055,0.04,0.015,,,,
6,H,5,UM,WDM,UM,0.059,0.049,0.01,,,,
6,H,6,M,WDM,DR,0.1,0.047,0.053,,,,
6,H,7,None,WDM,DR,0.052,0.046,0.006,,,,
6,H,8,WDM,WDM,DR,0.068,0.085,-0.017,,,,
6,H,9,DR,WDM,DR,0.077,0.052,0.025,,,,
6,H,10,UM,WDM,DR,0.079,0.045,0.034,,,,
6,H,11,M,DR,WDM,0.073,0.043,0.03,,,,
6,H,12,UM,DR,WDM,0.106,0.045,0.061,,,,
7,A,1,DR,M,M,0.07,0.044,0.026,,,,
7,A,2,None,M,M,0.048,0.047,0.001,,,,
7,A,3,WDM,M,M,0.102,0.043,0.059,,,,
7,A,4,UM,M,DR,0.121,0.043,0.078,,,,
7,A,5,None,M,DR,0.06,0.044,0.016,,,,
7,A,6,M,M,DR,0.104,0.044,0.06,,,,
7,A,7,WDM,M,DR,0.132,0.044,0.088,,,,
7,A,8,DR,M,DR,0.119,0.043,0.076,,,,
7,A,9,DR,UM,DR,0.101,0.043,0.058,,,,
7,A,10,None,UM,DR,0.053,0.153,-0.1,,,,
7,A,11,WDM,UM,DR,0.127,0.046,0.081,,,,
7,A,12,UM,UM,DR,0.082,0.043,0.039,,,,
7,B,1,DR,DR,M,0.073,0.044,0.029,,,,
7,B,2,None,DR,M,0.057,0.042,0.015,,,,
7,B,3,WDM,DR,M,0.107,0.042,0.065,,,,
7,B,4,UM,DR,DR,0.099,0.044,0.055,,,,
7,B,5,None,DR,DR,3.265,0.045,3.22,,,,
7,B,6,M,DR,DR,0.068,0.046,0.022,,,,
7,B,7,WDM,DR,DR,0.134,0.045,0.089,,,,
7,B,8,DR,DR,DR,0.073,0.045,0.028,,,,
7,B,9,DR,M,DR,0.11,0.046,0.064,,,,
7,B,10,None,M,DR,0.049,0.043,0.006,,,,
7,B,11,WDM,M,DR,0.159,0.043,0.116,,,,
7,B,12,UM,M,DR,0.203,0.043,0.16,,,,
7,C,1,DR,UM,M,0.331,0.044,0.287,,,,
7,C,2,None,UM,M,0.056,0.044,0.012,,,,
7,C,3,WDM,UM,M,0.096,0.044,0.052,,,,
7,C,4,UM,UM,DR,0.371,0.045,0.326,,,,
7,C,5,None,UM,DR,0.05,0.046,0.004,,,,
7,C,6,M,UM,DR,0.091,0.049,0.042,,,,
7,C,7,WDM,UM,DR,0.057,0.061,-0.004,,,,
7,C,8,DR,UM,DR,0.059,0.047,0.012,,,,
7,C,9,DR,DR,DR,0.045,0.044,0.001,,,,
7,C,10,None,DR,DR,0.057,0.043,0.014,,,,
7,C,11,WDM,DR,DR,0.114,0.047,0.067,,,,
7,C,12,UM,DR,DR,0.286,0.044,0.242,,,,
7,D,1,DR,WDM,M,0.095,0.042,0.053,,,,
7,D,2,None,WDM,M,0.049,0.047,0.002,,,,
7,D,3,WDM,WDM,M,0.069,0.046,0.023,,,,
7,D,4,UM,WDM,DR,0.051,0.044,0.007,,,,
7,D,5,None,WDM,DR,0.05,0.045,0.005,,,,
7,D,6,M,WDM,DR,0.075,0.044,0.031,,,,
7,D,7,WDM,WDM,DR,0.104,0.047,0.057,,,,
7,D,8,DR,WDM,DR,0.198,0.044,0.154,,,,
7,D,9,DR,WDM,DR,0.3,0.043,0.257,,,,
7,D,10,None,WDM,DR,0.05,0.043,0.007,,,,
7,D,11,WDM,WDM,DR,0.375,0.043,0.332,,,,
7,D,12,UM,WDM,DR,0.142,0.043,0.099,,,,
7,E,1,DR,UM,WDM,0.073,0.043,0.03,,,,
7,E,2,None,UM,WDM,0.054,0.047,0.007,,,,
7,E,3,WDM,UM,WDM,0.064,0.043,0.021,,,,
7,E,4,UM,UM,UM,0.127,0.044,0.083,,,,
7,E,5,None,UM,UM,0.055,0.046,0.009,,,,
7,E,6,M,UM,UM,0.118,0.042,0.076,,,,
7,E,7,WDM,UM,UM,0.11,0.046,0.064,,,,
7,E,8,DR,UM,UM,0.114,0.045,0.069,,,,
7,E,9,DR,UM,UM,0.109,0.048,0.061,,,,
7,E,10,None,UM,UM,0.055,0.045,0.01,,,,
7,E,11,WDM,UM,UM,0.115,0.045,0.07,,,,
7,E,12,UM,UM,UM,0.076,0.052,0.024,,,,
7,F,1,DR,WDM,WDM,0.065,0.042,0.023,,,,
7,F,2,None,WDM,WDM,0.047,0.047,0,,,,
7,F,3,WDM,WDM,WDM,0.062,0.045,0.017,,,,
7,F,4,UM,WDM,UM,0.062,0.056,0.006,,,,
7,F,5,None,WDM,UM,0.05,0.046,0.004,,,,
7,F,6,M,WDM,UM,0.077,0.05,0.027,,,,
7,F,7,WDM,WDM,UM,0.107,0.049,0.058,,,,
7,F,8,DR,WDM,UM,0.08,0.045,0.035,,,,
7,F,9,DR,M,UM,0.199,0.045,0.154,,,,
7,F,10,None,M,UM,0.06,0.043,0.017,,,,
7,F,11,WDM,M,UM,0.077,0.043,0.034,,,,
7,F,12,UM,M,UM,0.092,0.044,0.048,,,,
7,G,1,DR,M,WDM,0.075,0.042,0.033,,,,
7,G,2,None,M,WDM,0.095,0.043,0.052,,,,
7,G,3,WDM,M,WDM,0.065,0.041,0.024,,,,
7,G,4,UM,M,UM,0.064,0.041,0.023,,,,
7,G,5,None,M,UM,0.059,0.045,0.014,,,,
7,G,6,M,M,UM,0.067,0.044,0.023,,,,
7,G,7,WDM,M,UM,0.067,0.05,0.017,,,,
7,G,8,DR,M,UM,0.083,0.053,0.03,,,,
7,G,9,DR,WDM,UM,0.076,0.042,0.034,,,,
7,G,10,None,WDM,UM,0.048,0.044,0.004,,,,
7,G,11,WDM,WDM,UM,0.081,0.044,0.037,,,,
7,G,12,UM,WDM,UM,0.059,0.045,0.014,,,,
7,H,1,DR,DR,WDM,0.063,0.052,0.011,,,,
7,H,2,None,DR,WDM,0.065,0.044,0.021,,,,
7,H,3,WDM,DR,WDM,0.091,0.055,0.036,,,,
7,H,4,UM,DR,UM,0.111,0.04,0.071,,,,
7,H,5,None,DR,UM,0.06,0.049,0.011,,,,
7,H,6,M,DR,UM,0.072,0.047,0.025,,,,
7,H,7,WDM,DR,UM,0.091,0.046,0.045,,,,
7,H,8,DR,DR,UM,0.069,0.085,-0.016,,,,
7,H,9,DR,DR,UM,0.09,0.052,0.038,,,,
7,H,10,None,DR,UM,0.086,0.045,0.041,,,,
7,H,11,WDM,DR,UM,0.094,0.043,0.051,,,,
7,H,12,UM,DR,UM,0.087,0.045,0.042,,,,
8,A,1,M,UM,DR,0.13,0.044,0.086,,,,
8,A,2,WDM,UM,WDM,0.11,0.047,0.063,,,,
8,A,3,DR,UM,WDM,0.116,0.043,0.073,,,,
8,A,4,None,UM,WDM,0.064,0.043,0.021,,,,
8,A,5,M,UM,WDM,0.073,0.044,0.029,,,,
8,A,6,UM,UM,WDM,0.075,0.044,0.031,,,,
8,A,7,UM,DR,UM,0.082,0.044,0.038,,,,
8,A,8,WDM,DR,UM,0.085,0.043,0.042,,,,
8,A,9,DR,DR,UM,0.092,0.043,0.049,,,,
8,A,10,None,DR,UM,0.078,0.153,-0.075,,,,
8,A,11,M,DR,UM,0.121,0.046,0.075,,,,
8,A,12,None,DR,WDM,0.07,0.043,0.027,,,,
8,B,1,M,M,DR,0.155,0.044,0.111,,,,
8,B,2,WDM,M,WDM,0.11,0.042,0.068,,,,
8,B,3,DR,M,WDM,0.098,0.042,0.056,,,,
8,B,4,None,M,WDM,0.072,0.044,0.028,,,,
8,B,5,M,M,WDM,0.085,0.045,0.04,,,,
8,B,6,UM,M,WDM,0.101,0.046,0.055,,,,
8,B,7,UM,UM,UM,0.089,0.045,0.044,,,,
8,B,8,WDM,UM,UM,0.094,0.045,0.049,,,,
8,B,9,DR,UM,UM,0.086,0.046,0.04,,,,
8,B,10,None,UM,UM,0.061,0.043,0.018,,,,
8,B,11,M,UM,UM,0.095,0.043,0.052,,,,
8,B,12,None,UM,WDM,0.062,0.043,0.019,,,,
8,C,1,M,DR,DR,0.11,0.044,0.066,,,,
8,C,2,WDM,DR,WDM,0.464,0.044,0.42,,,,
8,C,3,DR,DR,WDM,0.084,0.044,0.04,,,,
8,C,4,None,DR,WDM,0.076,0.045,0.031,,,,
8,C,5,M,DR,WDM,0.112,0.046,0.066,,,,
8,C,6,UM,DR,WDM,0.083,0.049,0.034,,,,
8,C,7,UM,M,UM,0.29,0.061,0.229,,,,
8,C,8,WDM,M,UM,0.132,0.047,0.085,,,,
8,C,9,DR,M,UM,0.092,0.044,0.048,,,,
8,C,10,None,M,UM,0.076,0.043,0.033,,,,
8,C,11,M,M,UM,0.085,0.047,0.038,,,,
8,C,12,None,M,WDM,0.051,0.044,0.007,,,,
8,D,1,M,WDM,DR,0.088,0.042,0.046,,,,
8,D,2,WDM,WDM,WDM,0.115,0.047,0.068,,,,
8,D,3,DR,WDM,WDM,0.07,0.046,0.024,,,,
8,D,4,None,WDM,WDM,0.056,0.044,0.012,,,,
8,D,5,M,WDM,WDM,0.087,0.045,0.042,,,,
8,D,6,UM,WDM,WDM,0.06,0.044,0.016,,,,
8,D,7,UM,WDM,UM,0.097,0.047,0.05,,,,
8,D,8,WDM,WDM,UM,0.07,0.044,0.026,,,,
8,D,9,DR,WDM,UM,0.073,0.043,0.03,,,,
8,D,10,None,WDM,UM,0.063,0.043,0.02,,,,
8,D,11,M,WDM,UM,0.092,0.043,0.049,,,,
8,D,12,None,WDM,WDM,0.049,0.043,0.006,,,,
8,E,1,M,UM,UM,0.089,0.043,0.046,,,,
8,E,2,WDM,UM,M,0.113,0.047,0.066,,,,
8,E,3,DR,UM,M,0.142,0.043,0.099,,,,
8,E,4,None,UM,M,0.158,0.044,0.114,,,,
8,E,5,M,UM,M,0.139,0.046,0.093,,,,
8,E,6,UM,UM,M,0.077,0.042,0.035,,,,
8,E,7,UM,DR,M,0.081,0.046,0.035,,,,
8,E,8,WDM,DR,M,0.088,0.045,0.043,,,,
8,E,9,DR,DR,M,0.087,0.048,0.039,,,,
8,E,10,None,DR,M,0.067,0.045,0.022,,,,
8,E,11,M,DR,M,0.089,0.045,0.044,,,,
8,E,12,None,DR,DR,0.067,0.052,0.015,,,,
8,F,1,M,M,UM,0.116,0.042,0.074,,,,
8,F,2,WDM,M,M,0.081,0.047,0.034,,,,
8,F,3,DR,M,M,0.095,0.045,0.05,,,,
8,F,4,None,M,M,0.063,0.056,0.007,,,,
8,F,5,M,M,M,0.087,0.046,0.041,,,,
8,F,6,UM,M,M,0.078,0.05,0.028,,,,
8,F,7,UM,WDM,M,0.059,0.049,0.01,,,,
8,F,8,WDM,WDM,M,0.071,0.045,0.026,,,,
8,F,9,DR,WDM,M,0.1,0.045,0.055,,,,
8,F,10,None,WDM,M,0.092,0.043,0.049,,,,
8,F,11,M,WDM,M,0.07,0.043,0.027,,,,
8,F,12,None,WDM,DR,0.049,0.044,0.005,,,,
8,G,1,M,WDM,UM,0.123,0.042,0.081,,,,
8,G,2,WDM,WDM,M,0.101,0.043,0.058,,,,
8,G,3,DR,WDM,M,0.312,0.041,0.271,,,,
8,G,4,None,WDM,M,0.064,0.041,0.023,,,,
8,G,5,M,WDM,M,0.072,0.045,0.027,,,,
8,G,6,UM,WDM,M,0.133,0.044,0.089,,,,
8,G,7,UM,UM,M,0.088,0.05,0.038,,,,
8,G,8,WDM,UM,M,0.135,0.053,0.082,,,,
8,G,9,DR,UM,M,0.054,0.042,0.012,,,,
8,G,10,None,UM,M,0.088,0.044,0.044,,,,
8,G,11,M,UM,M,0.119,0.044,0.075,,,,
8,G,12,None,UM,DR,0.051,0.045,0.006,,,,
8,H,1,M,DR,UM,0.119,0.052,0.067,,,,
8,H,2,WDM,DR,M,0.115,0.044,0.071,,,,
8,H,3,DR,DR,M,0.323,0.055,0.268,,,,
8,H,4,None,DR,M,0.072,0.04,0.032,,,,
8,H,5,M,DR,M,0.094,0.049,0.045,,,,
8,H,6,UM,DR,M,0.082,0.047,0.035,,,,
8,H,7,UM,M,M,0.096,0.046,0.05,,,,
8,H,8,WDM,M,M,0.105,0.085,0.02,,,,
8,H,9,DR,M,M,0.093,0.052,0.041,,,,
8,H,10,None,M,M,0.054,0.045,0.009,,,,
8,H,11,M,M,M,0.1,0.043,0.057,,,,
8,H,12,None,M,DR,0.048,0.045,0.003,,,,
9,A,1,M,DR,WDM,0.065,0.044,0.021,,,,
9,A,2,DR,DR,WDM,0.203,0.047,0.156,,,,
9,A,3,WDM,DR,WDM,0.096,0.043,0.053,,,,
9,A,4,UM,DR,WDM,0.069,0.043,0.026,,,,
9,A,5,DR,UM,DR,0.12,0.044,0.076,,,,
9,A,6,UM,UM,DR,0.11,0.044,0.066,,,,
9,A,7,WDM,UM,DR,0.093,0.044,0.049,,,,
9,A,8,M,UM,DR,0.146,0.043,0.103,,,,
9,A,9,None,UM,DR,0.064,0.043,0.021,,,,
9,A,10,UM,UM,WDM,0.086,0.153,-0.067,,,,
9,A,11,None,UM,WDM,0.068,0.046,0.022,,,,
9,A,12,M,UM,WDM,0.093,0.043,0.05,,,,
9,B,1,M,UM,WDM,0.118,0.044,0.074,,,,
9,B,2,DR,UM,WDM,0.111,0.042,0.069,,,,
9,B,3,WDM,UM,WDM,0.087,0.042,0.045,,,,
9,B,4,UM,UM,WDM,0.138,0.044,0.094,,,,
9,B,5,DR,DR,DR,0.099,0.045,0.054,,,,
9,B,6,UM,DR,DR,0.237,0.046,0.191,,,,
9,B,7,WDM,DR,DR,0.079,0.045,0.034,,,,
9,B,8,M,DR,DR,0.114,0.045,0.069,,,,
9,B,9,None,DR,DR,0.107,0.046,0.061,,,,
9,B,10,UM,DR,WDM,0.077,0.043,0.034,,,,
9,B,11,None,DR,WDM,0.065,0.043,0.022,,,,
9,B,12,M,DR,WDM,0.079,0.043,0.036,,,,
9,C,1,M,M,WDM,0.118,0.044,0.074,,,,
9,C,2,DR,M,WDM,0.197,0.044,0.153,,,,
9,C,3,WDM,M,WDM,0.077,0.044,0.033,,,,
9,C,4,UM,M,WDM,0.094,0.045,0.049,,,,
9,C,5,DR,M,DR,0.127,0.046,0.081,,,,
9,C,6,UM,M,DR,0.182,0.049,0.133,,,,
9,C,7,WDM,M,DR,0.126,0.061,0.065,,,,
9,C,8,M,M,DR,0.129,0.047,0.082,,,,
9,C,9,None,M,DR,0.082,0.044,0.038,,,,
9,C,10,UM,M,WDM,0.064,0.043,0.021,,,,
9,C,11,None,M,WDM,0.066,0.047,0.019,,,,
9,C,12,M,M,WDM,0.097,0.044,0.053,,,,
9,D,1,M,WDM,WDM,0.225,0.042,0.183,,,,
9,D,2,DR,WDM,WDM,0.09,0.047,0.043,,,,
9,D,3,WDM,WDM,WDM,0.06,0.046,0.014,,,,
9,D,4,UM,WDM,WDM,0.056,0.044,0.012,,,,
9,D,5,DR,WDM,DR,0.05,0.045,0.005,,,,
9,D,6,UM,WDM,DR,0.843,0.044,0.799,,,,
9,D,7,WDM,WDM,DR,0.339,0.047,0.292,,,,
9,D,8,M,WDM,DR,0.15,0.044,0.106,,,,
9,D,9,None,WDM,DR,0.055,0.043,0.012,,,,
9,D,10,UM,WDM,WDM,0.059,0.043,0.016,,,,
9,D,11,None,WDM,WDM,0.055,0.043,0.012,,,,
9,D,12,M,WDM,WDM,0.121,0.043,0.078,,,,
9,E,1,M,DR,DR,0.155,0.043,0.112,,,,
9,E,2,DR,DR,DR,0.072,0.047,0.025,,,,
9,E,3,WDM,DR,DR,0.08,0.043,0.037,,,,
9,E,4,UM,DR,DR,0.074,0.044,0.03,,,,
9,E,5,DR,WDM,M,0.061,0.046,0.015,,,,
9,E,6,UM,WDM,M,0.059,0.042,0.017,,,,
9,E,7,WDM,WDM,M,0.078,0.046,0.032,,,,
9,E,8,M,WDM,M,0.072,0.045,0.027,,,,
9,E,9,None,WDM,M,0.05,0.048,0.002,,,,
9,E,10,UM,WDM,UM,0.067,0.045,0.022,,,,
9,E,11,None,WDM,UM,0.051,0.045,0.006,,,,
9,E,12,M,WDM,UM,0.099,0.052,0.047,,,,
9,F,1,M,WDM,DR,0.068,0.042,0.026,,,,
9,F,2,DR,WDM,DR,0.106,0.047,0.059,,,,
9,F,3,WDM,WDM,DR,0.068,0.045,0.023,,,,
9,F,4,UM,M,DR,0.065,0.056,0.009,,,,
9,F,5,DR,M,M,0.068,0.046,0.022,,,,
9,F,6,UM,M,M,0.081,0.05,0.031,,,,
9,F,7,WDM,M,M,0.106,0.049,0.057,,,,
9,F,8,M,M,M,0.533,0.045,0.488,,,,
9,F,9,None,M,M,0.044,0.045,-0.001,,,,
9,F,10,UM,M,UM,0.061,0.043,0.018,,,,
9,F,11,None,M,UM,0.068,0.043,0.025,,,,
9,F,12,M,M,UM,0.092,0.044,0.048,,,,
9,G,1,M,UM,DR,0.084,0.042,0.042,,,,
9,G,2,DR,UM,DR,0.074,0.043,0.031,,,,
9,G,3,WDM,UM,DR,0.064,0.041,0.023,,,,
9,G,4,UM,UM,DR,0.062,0.041,0.021,,,,
9,G,5,DR,DR,M,0.087,0.045,0.042,,,,
9,G,6,UM,DR,M,0.11,0.044,0.066,,,,
9,G,7,WDM,DR,M,0.055,0.05,0.005,,,,
9,G,8,M,DR,M,0.088,0.053,0.035,,,,
9,G,9,None,DR,M,0.063,0.042,0.021,,,,
9,G,10,UM,DR,UM,0.069,0.044,0.025,,,,
9,G,11,None,DR,UM,0.059,0.044,0.015,,,,
9,G,12,M,DR,UM,0.083,0.045,0.038,,,,
9,H,1,M,M,DR,0.066,0.052,0.014,,,,
9,H,2,DR,M,DR,0.084,0.044,0.04,,,,
9,H,3,WDM,M,DR,0.085,0.055,0.03,,,,
9,H,4,UM,M,DR,0.08,0.04,0.04,,,,
9,H,5,DR,UM,M,0.068,0.049,0.019,,,,
9,H,6,UM,UM,M,0.075,0.047,0.028,,,,
9,H,7,WDM,UM,M,0.118,0.046,0.072,,,,
9,H,8,M,UM,M,0.105,0.085,0.02,,,,
9,H,9,None,UM,M,0.071,0.052,0.019,,,,
9,H,10,UM,UM,UM,0.147,0.045,0.102,,,,
9,H,11,None,UM,UM,0.056,0.043,0.013,,,,
9,H,12,M,UM,UM,0.078,0.045,0.033,,,,
10,A,1,WDM,UM,WDM,0.111,0.044,0.067,,,,
10,A,2,DR,UM,WDM,0.208,0.047,0.161,,,,
10,A,3,DR,WDM,M,0.164,0.043,0.121,,,,
10,A,4,WDM,WDM,M,0.075,0.043,0.032,,,,
10,A,5,UM,WDM,M,0.07,0.044,0.026,,,,
10,A,6,M,WDM,M,0.075,0.044,0.031,,,,
10,A,7,None,WDM,M,0.058,0.044,0.014,,,,
10,A,8,WDM,WDM,DR,0.087,0.043,0.044,,,,
10,A,9,M,WDM,DR,0.128,0.043,0.085,,,,
10,A,10,None,WDM,DR,0.062,0.153,-0.091,,,,
10,A,11,UM,WDM,DR,0.447,0.046,0.401,,,,
10,A,12,DR,WDM,DR,0.095,0.043,0.052,,,,
10,B,1,WDM,DR,WDM,0.378,0.044,0.334,,,,
10,B,2,DR,DR,WDM,0.107,0.042,0.065,,,,
10,B,3,DR,M,M,0.048,0.042,0.006,,,,
10,B,4,WDM,M,M,0.1,0.044,0.056,,,,
10,B,5,UM,M,M,0.053,0.045,0.008,,,,
10,B,6,M,M,M,0.125,0.046,0.079,,,,
10,B,7,None,M,M,0.071,0.045,0.026,,,,
10,B,8,WDM,M,DR,0.059,0.045,0.014,,,,
10,B,9,M,M,DR,0.152,0.046,0.106,,,,
10,B,10,None,M,DR,0.068,0.043,0.025,,,,
10,B,11,UM,M,DR,0.09,0.043,0.047,,,,
10,B,12,DR,M,DR,0.112,0.043,0.069,,,,
10,C,1,WDM,M,WDM,0.078,0.044,0.034,,,,
10,C,2,DR,M,WDM,0.089,0.044,0.045,,,,
10,C,3,DR,UM,M,0.118,0.044,0.074,,,,
10,C,4,WDM,UM,M,0.133,0.045,0.088,,,,
10,C,5,UM,UM,M,0.162,0.046,0.116,,,,
10,C,6,M,UM,M,0.079,0.049,0.03,,,,
10,C,7,None,UM,M,0.07,0.061,0.009,,,,
10,C,8,WDM,UM,DR,0.109,0.047,0.062,,,,
10,C,9,M,UM,DR,0.21,0.044,0.166,,,,
10,C,10,None,UM,DR,0.082,0.043,0.039,,,,
10,C,11,UM,UM,DR,0.18,0.047,0.133,,,,
10,C,12,DR,UM,DR,0.081,0.044,0.037,,,,
10,D,1,WDM,WDM,WDM,0.098,0.042,0.056,,,,
10,D,2,DR,WDM,WDM,0.077,0.047,0.03,,,,
10,D,3,DR,DR,M,0.269,0.046,0.223,,,,
10,D,4,WDM,DR,M,0.124,0.044,0.08,,,,
10,D,5,UM,DR,M,0.145,0.045,0.1,,,,
10,D,6,M,DR,M,0.086,0.044,0.042,,,,
10,D,7,None,DR,M,0.061,0.047,0.014,,,,
10,D,8,WDM,DR,DR,0.108,0.044,0.064,,,,
10,D,9,M,DR,DR,0.075,0.043,0.032,,,,
10,D,10,None,DR,DR,0.075,0.043,0.032,,,,
10,D,11,UM,DR,DR,0.111,0.043,0.068,,,,
10,D,12,DR,DR,DR,0.067,0.043,0.024,,,,
10,E,1,WDM,WDM,UM,0.105,0.043,0.062,,,,
10,E,2,DR,WDM,UM,0.074,0.047,0.027,,,,
10,E,3,DR,M,UM,0.095,0.043,0.052,,,,
10,E,4,WDM,M,UM,0.081,0.044,0.037,,,,
10,E,5,UM,M,UM,0.066,0.046,0.02,,,,
10,E,6,M,M,UM,0.087,0.042,0.045,,,,
10,E,7,None,M,UM,0.052,0.046,0.006,,,,
10,E,8,WDM,M,WDM,0.144,0.045,0.099,,,,
10,E,9,M,M,WDM,0.077,0.048,0.029,,,,
10,E,10,None,M,WDM,0.12,0.045,0.075,,,,
10,E,11,UM,M,WDM,0.078,0.045,0.033,,,,
10,E,12,DR,M,WDM,0.071,0.052,0.019,,,,
10,F,1,WDM,M,UM,0.077,0.042,0.035,,,,
10,F,2,DR,M,UM,0.105,0.047,0.058,,,,
10,F,3,DR,DR,UM,0.077,0.045,0.032,,,,
10,F,4,WDM,DR,UM,0.069,0.056,0.013,,,,
10,F,5,UM,DR,UM,0.079,0.046,0.033,,,,
10,F,6,M,DR,UM,0.078,0.05,0.028,,,,
10,F,7,None,DR,UM,0.092,0.049,0.043,,,,
10,F,8,WDM,DR,WDM,0.079,0.045,0.034,,,,
10,F,9,M,DR,WDM,0.066,0.045,0.021,,,,
10,F,10,None,DR,WDM,0.067,0.043,0.024,,,,
10,F,11,UM,DR,WDM,0.071,0.043,0.028,,,,
10,F,12,DR,DR,WDM,0.041,0.044,-0.003,,,,
10,G,1,WDM,DR,UM,0.066,0.042,0.024,,,,
10,G,2,DR,DR,UM,0.081,0.043,0.038,,,,
10,G,3,DR,WDM,UM,0.068,0.041,0.027,,,,
10,G,4,WDM,WDM,UM,0.074,0.041,0.033,,,,
10,G,5,UM,WDM,UM,0.073,0.045,0.028,,,,
10,G,6,M,WDM,UM,0.073,0.044,0.029,,,,
10,G,7,None,WDM,UM,0.051,0.05,0.001,,,,
10,G,8,WDM,WDM,WDM,0.063,0.053,0.01,,,,
10,G,9,M,WDM,WDM,0.081,0.042,0.039,,,,
10,G,10,None,WDM,WDM,0.083,0.044,0.039,,,,
10,G,11,UM,WDM,WDM,0.058,0.044,0.014,,,,
10,G,12,DR,WDM,WDM,0.092,0.045,0.047,,,,
10,H,1,WDM,UM,UM,0.076,0.052,0.024,,,,
10,H,2,DR,UM,UM,0.077,0.044,0.033,,,,
10,H,3,DR,UM,UM,0.082,0.055,0.027,,,,
10,H,4,WDM,UM,UM,0.079,0.04,0.039,,,,
10,H,5,UM,UM,UM,0.065,0.049,0.016,,,,
10,H,6,M,UM,UM,0.077,0.047,0.03,,,,
10,H,7,None,UM,UM,0.056,0.046,0.01,,,,
10,H,8,WDM,UM,WDM,0.114,0.085,0.029,,,,
10,H,9,M,UM,WDM,0.072,0.052,0.02,,,,
10,H,10,None,UM,WDM,0.075,0.045,0.03,,,,
10,H,11,UM,UM,WDM,0.056,0.043,0.013,,,,
10,H,12,DR,UM,WDM,0.081,0.045,0.036,,,,